{
  "app-id": "sm.puri.Handy.Demo",
  "runtime": "org.gnome.Platform",
  "runtime-version": "master",
  "sdk": "org.gnome.Sdk",
  "command": "handy-0.0-demo",
  "finish-args": [
    "--env=DCONF_USER_CONFIG_DIR=.config/dconf",
    "--share=ipc", "--socket=x11",
    "--socket=wayland",
    "--device=all"
  ],
  "build-options": {
    "cflags": "-O2 -g",
    "cxxflags": "-O2 -g",
    "env": {
      "V": "1"
    }
  },
  "modules": [
    {
      "name": "handy-demo",
      "buildsystem": "meson",
      "builddir": true,
      "build-options": "examples",
      "config-opts": [
        "-Dglade_catalog=disabled",
        "-Dintrospection=disabled",
        "-Dtests=false",
        "-Dvapi=false"
      ],
      "sources": [
        {
          "type": "git",
          "url": "https://source.puri.sm/Librem5/libhandy.git"
        }
      ]
    }
  ]
}
