<?xml version="1.0" encoding="UTF-8"?>
<gresources>
  <gresource prefix="/sm/puri/handy/ui">
    <file preprocess="xml-stripblanks">hdy-action-row.ui</file>
    <file preprocess="xml-stripblanks">hdy-combo-row.ui</file>
    <file preprocess="xml-stripblanks">hdy-dialer.ui</file>
    <file preprocess="xml-stripblanks">hdy-dialer-button.ui</file>
    <file preprocess="xml-stripblanks">hdy-expander-row.ui</file>
    <file preprocess="xml-stripblanks">hdy-preferences-group.ui</file>
    <file preprocess="xml-stripblanks">hdy-preferences-page.ui</file>
    <file preprocess="xml-stripblanks">hdy-preferences-window.ui</file>
    <file preprocess="xml-stripblanks">hdy-search-bar.ui</file>
    <file preprocess="xml-stripblanks">hdy-view-switcher-bar.ui</file>
    <file preprocess="xml-stripblanks">hdy-view-switcher-button.ui</file>
  </gresource>
  <gresource prefix="/sm/puri/handy/style">
    <file>hdy-combo-row-list.css</file>
    <file>hdy-expander-row-arrow.css</file>
    <file>hdy-view-switcher.css</file>
    <file>hdy-view-switcher-bar-box.css</file>
    <file>hdy-view-switcher-button.css</file>
  </gresource>
</gresources>
