<?xml version="1.0"?>
<!DOCTYPE book PUBLIC "-//OASIS//DTD DocBook XML V4.3//EN"
               "http://www.oasis-open.org/docbook/xml/4.3/docbookx.dtd"
[
  <!ENTITY % local.common.attrib "xmlns:xi  CDATA  #FIXED 'http://www.w3.org/2003/XInclude'">
  <!ENTITY % gtkdocentities SYSTEM "xml/gtkdocentities.ent">
  %gtkdocentities;
]>
<book id="index">
  <bookinfo>
    <title>&package_name; Reference Manual</title>
    <releaseinfo>
      <para>This document is the API reference for &package_name; &package_version;</para>
      <para>
        <ulink type="http" url="&package_url;">Handy</ulink> is a library to help you write apps for GTK/GNOME based mobile phones.
      </para>
      <para>
        If you find any issues in this API reference, please report it using
        <ulink type="http" url="&package_bugreport;">the bugtracker</ulink>.
      </para>
    </releaseinfo>

    <copyright>
      <year>2017-2018</year>
      <holder>Purism SPC</holder>
    </copyright>
  </bookinfo>

  <chapter id="intro">
    <title>Introduction</title>

    <xi:include href="build-howto.xml"/>
    <xi:include href="visual-index.xml"/>
  </chapter>

  <chapter id="core-api">
    <title>Widgets and Objects</title>
    <xi:include href="xml/hdy-action-row.xml"/>
    <xi:include href="xml/hdy-arrows.xml"/>
    <xi:include href="xml/hdy-column.xml"/>
    <xi:include href="xml/hdy-combo-row.xml"/>
    <xi:include href="xml/hdy-dialer.xml"/>
    <xi:include href="xml/hdy-dialer-button.xml"/>
    <xi:include href="xml/hdy-dialer-cycle-button.xml"/>
    <xi:include href="xml/hdy-dialog.xml"/>
    <xi:include href="xml/hdy-enum-value-object.xml"/>
    <xi:include href="xml/hdy-expander-row.xml"/>
    <xi:include href="xml/hdy-header-bar.xml"/>
    <xi:include href="xml/hdy-header-group.xml"/>
    <xi:include href="xml/hdy-leaflet.xml"/>
    <xi:include href="xml/hdy-preferences-group.xml"/>
    <xi:include href="xml/hdy-preferences-page.xml"/>
    <xi:include href="xml/hdy-preferences-row.xml"/>
    <xi:include href="xml/hdy-preferences-window.xml"/>
    <xi:include href="xml/hdy-search-bar.xml"/>
    <xi:include href="xml/hdy-squeezer.xml"/>
    <xi:include href="xml/hdy-title-bar.xml"/>
    <xi:include href="xml/hdy-value-object.xml"/>
    <xi:include href="xml/hdy-view-switcher.xml"/>
    <xi:include href="xml/hdy-view-switcher-bar.xml"/>
  </chapter>

  <chapter id="helpers">
    <title>Helpers</title>
    <xi:include href="xml/hdy-version.xml"/>
    <xi:include href="xml/hdy-main.xml"/>
    <xi:include href="xml/hdy-string-utf8.xml"/>
    <xi:include href="xml/hdy-fold.xml"/>
    <xi:include href="xml/hdy-list-box.xml"/>
  </chapter>

  <chapter id="object-tree">
    <title>Object Hierarchy</title>
    <xi:include href="xml/tree_index.sgml"/>
  </chapter>

  <index id="api-index-full">
    <title>API Index</title>
    <xi:include href="xml/api-index-full.xml"><xi:fallback /></xi:include>
  </index>

  <index id="deprecated-api-index" role="deprecated">
    <title>Index of deprecated API</title>
    <xi:include href="xml/api-index-deprecated.xml"><xi:fallback /></xi:include>
  </index>

  <index id="api-index-0-0-6" role="0.0.6">
    <title>Index of new symbols in 0.0.6</title>
    <xi:include href="xml/api-index-0.0.6.xml"><xi:fallback /></xi:include>
  </index>

  <index id="api-index-0-0-7" role="0.0.7">
    <title>Index of new symbols in 0.0.7</title>
    <xi:include href="xml/api-index-0.0.7.xml"><xi:fallback /></xi:include>
  </index>

  <index id="api-index-0-0-8" role="0.0.8">
    <title>Index of new symbols in 0.0.8</title>
    <xi:include href="xml/api-index-0.0.8.xml"><xi:fallback /></xi:include>
  </index>

  <index id="api-index-0-0-10" role="0.0.10">
    <title>Index of new symbols in 0.0.10</title>
    <xi:include href="xml/api-index-0.0.10.xml"><xi:fallback /></xi:include>
  </index>

  <index id="annotations-glossary">
  <title>Annotations glossary</title>
  <xi:include href="xml/annotation-glossary.xml"><xi:fallback /></xi:include>
  </index>

</book>
